Parameters,Base Value,Low Value,High Value,Low ICER,Base ICER,High ICER,Low QALYs,Base QALYs,High QALYs,Low Costs,Base Costs,High Costs,Low Life Years,Base Life Years,High Life Years
Chemo cost per cycle,863.4950160000001,760.0,960.0,74059.95928079692,52845.96,49017.56447034048,2.9647395996761112,2.96474,2.9647395996761112,186383.08646571558,187030.06,187633.338921155,3.9180529652439735,3.918053,3.9180529652439735
Toxicity cost per cycle,1734.0,1387.2,2080.7999999999997,52845.95582000695,52845.96,52845.95582000695,2.9647395996761112,2.96474,2.9647395996761112,187030.06095511428,187030.06,187030.06095511428,3.9180529652439735,3.918053,3.9180529652439735
Second line cost per month,13209.0,0.0,14800.0,56248.8127878096,52845.96,47417.8905373241,2.9647395996761112,2.96474,2.9647395996761112,185777.86144617994,187030.06,187180.88610605025,3.9180529652439735,3.918053,3.9180529652439735
Toxicity cost per month,6778.8,5423.040000000001,9490.32,36853.043445239266,52845.96,119654.43569870564,2.9647395996761112,2.96474,2.9647395996761112,178554.84961018158,187030.06,203980.4836449798,3.9180529652439735,3.918053,3.9180529652439735
