Parameters,Base Value,Low Value,High Value,Low ICER,Base ICER,High ICER,Low QALYs,Base QALYs,High QALYs,Low Costs,Base Costs,High Costs,Low Life Years,Base Life Years,High Life Years
Chemotherapy cost per cycle,8882.4114,8000.0,10000.0,46667.82805,49196.08963,52459.20778,2.541429714573646,2.5424628719999998,2.541429714573646,200337.69307242404,205160.6517,211269.00849889242,3.411429331047641,3.4114293310000003,3.411429331047641
Toxicity cost per cycle,918.0,734.4000000000001,1101.6,49223.0178,49196.08963,49223.0178,2.541429714573646,2.5424628719999998,2.541429714573646,205160.6517470798,205160.6517,205160.6517470798,3.411429331047641,3.4114293310000003,3.411429331047641
Second-line cost per month,4080.0,3000.0,4800.0,46628.25673,49196.08963,50952.85851,2.541429714573646,2.5424628719999998,2.541429714573646,200263.00161215142,205160.6517,208425.75183703224,3.411429331047641,3.4114293310000003,3.411429331047641
Toxicity cost per month,2094.75,1675.8000000000002,2513.7,48009.86853,49196.08963,50436.16707,2.541429714573646,2.5424628719999998,2.541429714573646,202870.8144481203,205160.6517,207450.4890460393,3.411429331047641,3.4114293310000003,3.411429331047641
Resection surgery cost,29580.0,15000.0,41000.0,44827.18668,49196.08963,52666.11734,2.541429714573646,2.5424628719999998,2.541429714573646,196863.45509409206,205160.6517,211659.55337788368,3.411429331047641,3.4114293310000003,3.411429331047641
Palliative care cost,101388.0,92820.0,103020.0,47137.2309,49196.08963,49620.31054,2.541429714573646,2.5424628719999998,2.541429714573646,201223.69793513164,205160.6517,205910.54771126056,3.411429331047641,3.4114293310000003,3.411429331047641
Capecitabine/radiation per month,1377.0,840.0,1938.0,49223.0178,49196.08963,49223.0178,2.541429714573646,2.5424628719999998,2.541429714573646,205160.6517470798,205160.6517,205160.6517470798,3.411429331047641,3.4114293310000003,3.411429331047641
Chemoradiation hospitalization costs,2856.0,1734.0,3774.0,48420.52368,49196.08963,49879.60389,2.541429714573646,2.5424628719999998,2.541429714573646,203645.93216238037,205160.6517,206399.9677709248,3.411429331047641,3.4114293310000003,3.411429331047641
Endoscopic ultrasound,1570.8,0.0,1570.8,49223.0178,49196.08963,49223.0178,2.541429714573646,2.5424628719999998,2.541429714573646,205160.6517470798,205160.6517,205160.6517470798,3.411429331047641,3.4114293310000003,3.411429331047641
