Parameters,Base Value,Low Value,High Value,Low ICER,Base ICER,High ICER,Low QALYs,Base QALYs,High QALYs,Low Costs,Base Costs,High Costs,Low Life Years,Base Life Years,High Life Years
Chemotherapy disutility,-0.0405,-0.0705,-0.0305,49581.95269,49196.08963,49104.5249,2.52776557,2.542462872,2.545984429,205160.6517,205160.6517,205160.6517,3.411429331,3.411429331,3.411429331
Chemotherapy toxicity disutility,-0.101,-0.111,-0.091,49228.8638,49196.08963,49217.17319,2.541205569,2.542462872,2.54165386,205160.6517,205160.6517,205160.6517,3.411429331,3.411429331,3.411429331
Progression-free PDAC ,0.8,0.68,0.88,49223.0178,49196.08963,49223.0178,2.541429715,2.542462872,2.541429715,205160.6517,205160.6517,205160.6517,3.411429331,3.411429331,3.411429331
Progressive disease,0.73,0.62,0.8,51322.92631,49196.08963,47973.91136,2.464200904,2.542462872,2.590575322,205160.6517,205160.6517,205160.6517,3.411429331,3.411429331,3.411429331
Palliative care,0.136,0,0.336,49772.3004,49196.08963,48436.9215,2.520599271,2.542462872,2.57206272,205160.6517,205160.6517,205160.6517,3.411429331,3.411429331,3.411429331
Recovery from surgery,0.78,0.78,0.81,49223.0178,49196.08963,49185.94422,2.541429715,2.542462872,2.542852416,205160.6517,205160.6517,205160.6517,3.411429331,3.411429331,3.411429331