Parameters,Base Value,Low Value,High Value,Low ICER,Base ICER,High ICER,Low QALYs,Base QALYs,High QALYs,Low Costs,Base Costs,High Costs,Low Life Years,Base Life Years,High Life Years
Chemotherapy disutility,-0.1199,-0.19,-0.05,87337.27329,80559.83225,74969.30917,2.950371744333609,2.985808902,3.0178364229814827,240876.53356187607,240876.5336,240876.53356187607,4.071108187405475,4.071108187,4.071108187405475
Chemotherapy toxicity disutility,-0.2382,-0.2823,-0.1941,80862.76147,80559.83225,80484.68859,2.9831148755022405,2.985808902,2.985189669925206,240876.53356187607,240876.5336,240876.53356187607,4.071108187405475,4.071108187,4.071108187405475
Progression-free PDAC ,0.8,0.68,0.88,80673.28208,80559.83225,80673.28208,2.9841522727137235,2.985808902,2.9841522727137235,240876.53356187607,240876.5336,240876.53356187607,4.071108187405475,4.071108187,4.071108187405475
Progressive disease,0.73,0.62,0.8,92059.10517,80559.83225,74787.14977,2.9293965729059597,2.985808902,3.0189968089550274,240876.53356187607,240876.5336,240876.53356187607,4.071108187405475,4.071108187,4.071108187405475
Palliative care,0.136,0.0,0.336,86361.61703,80559.83225,73549.13237,2.9549917001376302,2.985808902,3.0270354676785627,240876.53356187607,240876.5336,240876.53356187607,4.071108187405475,4.071108187,4.071108187405475
Recovery from surgery,0.78,0.78,0.81,80673.28208,80559.83225,80374.9362,2.9841522727137235,2.985808902,2.9857956264116425,240876.53356187607,240876.5336,240876.53356187607,4.071108187405475,4.071108187,4.071108187405475
