Parameters,Base Value,Low Value,High Value,Low ICER,Base ICER,High ICER,Low QALYs,Base QALYs,High QALYs,Low Costs,Base Costs,High Costs,Low Life Years,Base Life Years,High Life Years
Chemotherapy cost per cycle,863.495016,760,960,79321.46649,80559.83225,81933.79632,2.984152273,2.985808902,2.984152273,240278.0543,240876.5336,241434.5917,4.071108187,4.071108187,4.071108187
Toxicity cost per cycle,1734,1387.2,2080.8,80673.28208,80559.83225,80673.28208,2.984152273,2.985808902,2.984152273,240876.5336,240876.5336,240876.5336,4.071108187,4.071108187,4.071108187
Second-line cost per month,13209,0,14800,29115.12737,80559.83225,86883.36794,2.984152273,2.985808902,2.984152273,218050.5754,240876.5336,243625.8787,4.071108187,4.071108187,4.071108187
Toxicity cost per month,6778.8,5423.04,9490.32,62964.82058,80559.83225,116090.2051,2.984152273,2.985808902,2.984152273,233036.5982,240876.5336,256556.4043,4.071108187,4.071108187,4.071108187
Resection surgery cost,29580,15000,41000,59025.32538,80559.83225,97629.36338,2.984152273,2.985808902,2.984152273,231292.4948,240876.5336,248383.3733,4.071108187,4.071108187,4.071108187
Palliative care cost,101388,92820,103020,68224.51904,80559.83225,83044.47504,2.984152273,2.985808902,2.984152273,235365.1853,240876.5336,241926.3142,4.071108187,4.071108187,4.071108187
Capecitabine/radiation per month,1377,840,1938,73659.17646,80559.83225,88000.86727,2.984152273,2.985808902,2.984152273,237771.2308,240876.5336,244120.6208,4.071108187,4.071108187,4.071108187
Chemoradiation hospitalization costs,2856,1734,3774,75280.17937,80559.83225,85085.82065,2.984152273,2.985808902,2.984152273,238488.8853,240876.5336,242830.0639,4.071108187,4.071108187,4.071108187
Endoscopic ultrasound,1570.8,0,1570.8,80673.28208,80559.83225,80673.28208,2.984152273,2.985808902,2.984152273,240876.5336,240876.5336,240876.5336,4.071108187,4.071108187,4.071108187