Parameters,Base Value,Low Value,High Value,Low ICER,Base ICER,High ICER,Low QALYs,Base QALYs,High QALYs,Low Costs,Base Costs,High Costs,Low Life Years,Base Life Years,High Life Years
Chemotherapy disutility,,,,0.0,0.0,0.0,0.6539148310838219,0.653914831,0.6539148310838219,112251.47304268034,112251.47300000001,112251.47304268034,1.1584580963906528,1.158458096,1.1584580963906528
Chemotherapy toxicity disutility,,,,0.0,0.0,0.0,0.6539148310838219,0.653914831,0.6539148310838219,112251.47304268034,112251.47300000001,112251.47304268034,1.1584580963906528,1.158458096,1.1584580963906528
Progression-free PDAC ,0.8,0.68,0.88,0.0,0.0,0.0,0.6539148310838219,0.653914831,0.6539148310838219,112251.47304268034,112251.47300000001,112251.47304268034,1.1584580963906528,1.158458096,1.1584580963906528
Progressive disease,0.73,0.62,0.8,0.0,0.0,0.0,0.6539148310838219,0.653914831,0.6539148310838219,112251.47304268034,112251.47300000001,112251.47304268034,1.1584580963906528,1.158458096,1.1584580963906528
Palliative care,0.136,0.0,0.336,0.0,0.0,0.0,0.603724143383093,0.653914831,0.7277246659378355,112251.47304268034,112251.47300000001,112251.47304268034,1.1584580963906528,1.158458096,1.1584580963906528
Recovery from surgery,0.78,0.78,0.81,0.0,0.0,0.0,0.6539148310838219,0.653914831,0.6539148310838219,112251.47304268034,112251.47300000001,112251.47304268034,1.1584580963906528,1.158458096,1.1584580963906528
