,Median OS,Median PFS,5 Year OS,10 Year OS,5 Year PFS,10 Year PFS,5 Year cancer_death,10 Year cancer_death,5 Year all_cause,10 Year all_cause,R0 status,R0 status,% Recieving Surgery,Unnamed: 0,life_years,cost,QALYs,icers
0,,,,,,,,,,,,,,natural history,1.1584580963906528,112251.47304268033,0.6539148310838219,0.0
1,,,,,,,,,,,,,,ag,3.411429331047641,205160.6517470798,2.542462872325285,49196.08963
2,,,,,,,,,,,,,,folf,4.071108187405476,240876.5335618761,2.985808902434277,80559.83225
3,,,,,,,,,,,,,,agc,4.514944433346973,262707.24967852497,3.228067361962579,90113.32837999999
ag,28.27,24.88,0.21329725983275583,0.05238240347683054,0.17921922571413706,0.043756333011141124,0.7509151879926778,0.9035586238969602,0.02688853009895157,0.03515995055059435,0.4805471920832013,0.10337289477177072,0.5932681383743226,,,,,
agc,30.04,27.39,0.337787399349459,0.19813351194330897,0.3129416112749268,0.18308278510458353,0.6256769901300079,0.7481657087901906,0.02909731077040724,0.04626247951637448,0.40166818650679903,0.0864048398596122,0.4958866500083938,,,,,
folf,34.01,29.54,0.29380419788819045,0.09733982456228807,0.2568233787839289,0.0848199524716553,0.6658539537220706,0.8493794967746751,0.030243362906660947,0.04318219317995888,0.5715742783422125,0.09105004939608559,0.6732323655385307,,,,,
natural history,13.0,7.87,0.0020262598291541645,2.192985829485572e-06,0.000989968592513657,1.0707945886645476e-06,0.9871202509864526,0.9891237590704216,0.01085348918439319,0.010874047943748865,0.0,0.0,0.0,,,,,
