,Median OS,Median PFS,5 Year OS,10 Year OS,5 Year PFS,10 Year PFS,5 Year cancer_death,10 Year cancer_death,5 Year all_cause,10 Year all_cause,R0 status,R0 status,% Recieving Surgery,life_years,cost,QALYs,icers
folf,37.42,27.96,0.3133804800957899,0.10441925509010319,0.2687386138304012,0.09087768405038688,0.644325571987955,0.839436534182479,0.031455798754610256,0.04530606156577297,0.6134392425490988,0.09771901125010404,0.7225432774429903,4.221169451000001,227636.5054,3.142141241,60856.46581
ag,34.09,24.42,0.26150318071066925,0.0650254003498203,0.2145526383205445,0.05421576617791957,0.6971197941655709,0.8833777348845515,0.030321062502771487,0.04054090214463981,0.5970219815333765,0.12842836560118398,0.7370641747325635,3.8098326019999997,211457.4267,2.8762848780000003,44639.70968
natural history,13.0,7.87,0.0020262598291546086,2.192985829929661e-06,0.000989968592514101,1.0707945891086368e-06,0.9871202509864522,0.9891237590704212,0.010853489184393184,0.010874047943748858,0.0,0.0,0.0,1.158458096,112251.47300000001,0.653914831,0.0
