,Median OS,Median PFS,5 Year OS,10 Year OS,5 Year PFS,10 Year PFS,5 Year cancer_death,10 Year cancer_death,5 Year all_cause,10 Year all_cause,R0 status,R0 status,% Recieving Surgery,life_years,cost,QALYs,icers
folf,26.03,15.36,0.1799427505631611,0.030005916322162873,0.14959145080953073,0.02581530062421078,0.7854052084237619,0.9173223410181177,0.025364609263108524,0.04338431090975103,0.5256686370482133,0.08373741993434633,0.6191621150833,3.0392464611961403,218086.8387236059,2.196533911927007,140533.061
ag,25.15,15.48,0.13546033008723257,0.014569540283538518,0.10664505827447812,0.01194412671452394,0.8308500584953653,0.9405948758283346,0.02412691818214339,0.035272890652868254,0.516385434703973,0.11108223725524692,0.6375128807224562,2.761083850870504,195676.51572438912,2.0370673576558147,71761.68972
natural history,8.21,5.79,9.043292558841287e-05,3.698967465659564e-09,4.2000840917211235e-05,1.716873088142279e-09,0.9927619975596353,0.9928515234404763,0.007147569514776243,0.007148472860556216,0.0,0.0,0.0,0.8276936270175224,82638.8990394882,0.4618868243035675,0.0
