,Median OS,Median PFS,5 Year OS,10 Year OS,5 Year PFS,10 Year PFS,5 Year cancer_death,10 Year cancer_death,5 Year all_cause,10 Year all_cause,R0 status,R0 status,% Recieving Surgery,life_years,cost,QALYs,icers
folf,52.47,41.81,0.440965370541218,0.20162869846655174,0.3832273337491464,0.17648360359774085,0.5106280135917367,0.7297159889329602,0.03649659468464439,0.056745291418087165,0.6741071989238936,0.1073832327415012,0.7940014156261322,5.409440513870281,242146.30554762177,4.081956413061938,33724.45491
ag,47.51,35.08,0.39281458743111786,0.14634843419464927,0.3277677711684025,0.12293850223126146,0.5594476130933294,0.7894068895402488,0.03565846394159979,0.05216534073114891,0.6522841188334635,0.14031607860439715,0.8052890391122117,4.949865885390652,231802.5705098633,3.775243226304503,28458.4779
natural history,16.89,9.42,0.014148325571798015,0.00010831874602901248,0.007153426438808674,5.4582178483641997e-05,0.9702216390446599,0.9840671896320632,0.015630035383542185,0.01582449162190778,0.0,0.0,0.0,1.580672038140538,149955.972765096,0.8992426888643746,0.0
