arm,life_years,cost,QALYs,icers
natural history,1.158458096,112251.473,0.653914831,0
ag,3.809832602,211457.4267,2.876284878,44639.70968
folf,4.221169451,227636.5054,3.142141241,60856.46581