,Median OS,Median PFS,5 Year OS,10 Year OS,5 Year PFS,10 Year PFS,5 Year cancer_death,10 Year cancer_death,5 Year all_cause,10 Year all_cause,R0 status,R0 status,% Recieving Surgery,life_years,cost,QALYs,icers
folf,32.89,21.63,0.2503669019362037,0.0660607955084691,0.212420471457207,0.05725517451583073,0.7107303429391125,0.8820754389312986,0.028717930383526463,0.04167894081907492,0.5764610803495048,0.09182850213794681,0.6789883181741302,3.660164699530093,222273.1167628342,2.695140968794794,84689.31987
ag,30.73,20.93,0.2002431726953683,0.03719385592007829,0.16204361404064083,0.03083376136374738,0.761830812595255,0.9160086997326622,0.027497245378703128,0.03636867501658592,0.563153543856376,0.12114275764894218,0.6952512908587765,3.300165367910044,203260.00200161093,2.4706366890274385,55309.00044
natural history,10.6,6.83,0.0005730597969471063,1.7077935687836998e-07,0.0002742308575648389,8.170055243450491e-08,0.9904355145050078,0.9910032561033141,0.00899142569804508,0.008996573117328998,0.0,0.0,0.0,0.9933288984157521,97475.67268336564,0.5580306308407406,0.0
