arm,life_years,cost,QALYs,icers
natural history,1.158458096,112251.473,0.653914831,0
ag,3.411429331,205160.6517,2.542462872,49196.08963
folf,4.071108187,240876.5336,2.985808902,80559.83225