,Median OS,Median PFS,5 Year OS,10 Year OS,5 Year PFS,10 Year PFS,5 Year cancer_death,10 Year cancer_death,5 Year all_cause,10 Year all_cause,R0 status,R0 status,% Recieving Surgery,life_years,cost,QALYs,icers
folf,41.64,30.23,0.3509773828165703,0.12839582199208066,0.3023996883878578,0.11196334283141873,0.6048378249072418,0.8094351309583825,0.0330020999580091,0.050986354731358034,0.6329403852089229,0.10082548414389306,0.7455128202599504,4.553381160938305,231219.3240345504,3.4059266974373408,51312.05153
ag,38.9,27.45,0.2992791899880488,0.08412501502682013,0.24701300936160941,0.07032300519804358,0.657394223234437,0.8589040112207998,0.03194092943599869,0.04558531641086452,0.6148254964418386,0.1322581681752493,0.7590438217984506,4.123422039936671,216786.2258283588,3.12464583306856,39352.21498
natural history,13.93,7.23,0.003847863835872989,7.837727200254996e-06,0.001900361448982979,3.866956965969948e-06,0.9840532427638754,0.987848370082732,0.012098893400251593,0.012143792190067806,0.0,0.0,0.0,1.2682560025943093,122067.18209522606,0.7176899911123338,0.0
