,Median OS,Median PFS,5 Year OS,10 Year OS,5 Year PFS,10 Year PFS,5 Year cancer_death,10 Year cancer_death,5 Year all_cause,10 Year all_cause,R0 status,R0 status,% Recieving Surgery,life_years,cost,QALYs,icers
folf,34.43,23.04,0.28000110602820194,0.08190602418827708,0.23889221713153996,0.07113938988732382,0.6794623474874978,0.8623069393837736,0.030030861767360712,0.04528135171100974,0.5946217549787796,0.09472144253907469,0.7003789832923419,3.9158267900037798,224462.53094168092,2.899399411726865,72268.91561
ag,32.64,22.88,0.22870898479421953,0.04849153914733406,0.18642530329381013,0.04031901739754251,0.7317099418444749,0.9011530404440856,0.02884393969092775,0.039618286738202606,0.5798052182003989,0.12472478207463156,0.7158089135692081,3.531988792262651,206849.5361106062,2.655684742932431,49974.73307
natural history,11.87,6.39,0.001074060228716478,5.996871818014782e-07,0.0005192809103000684,2.8982060729099146e-07,0.9890897186207909,0.9901524824836915,0.009836221150492652,0.00984691782912674,0.0,0.0,0.0,1.0684506486366256,104199.53323871882,0.6016467006247072,0.0
