,Median OS,Median PFS,5 Year OS,10 Year OS,5 Year PFS,10 Year PFS,5 Year cancer_death,10 Year cancer_death,5 Year all_cause,10 Year all_cause,R0 status,R0 status,% Recieving Surgery,life_years,cost,QALYs,icers
folf,25.13,22.42,0.16900007606095824,0.027504220984080008,0.14755678883460288,0.023798935355353046,0.7980037676462703,0.9228058994104125,0.024541294945980733,0.04123501825871691,0.4785451522283492,0.07623079169171666,0.5636574216798645,2.924958170499208,237021.89170066998,2.0552132805414116,180276.83265
ag,23.96,20.6,0.10996407094045435,0.010877338301216954,0.09386887988582171,0.009072289508025744,0.8611388111677262,0.9515507667674152,0.022042321841205366,0.03071709888075372,0.3701589867331654,0.07962673929799538,0.4569864022071924,2.493950078759865,191283.605176638,1.8015018864989214,81101.43668
natural history,8.21,5.79,9.043292558819083e-05,3.698967243614959e-09,4.200084091698919e-05,1.716872866097674e-09,0.9927619975596356,0.9928515234404766,0.0071475695147762445,0.007148472860556218,0.0,0.0,0.0,0.8276936270175224,82638.89903948823,0.4618868243035675,0.0
agc,21.58,21.0,0.20922530540695194,0.07971438156828314,0.19362658123978338,0.07339538210547725,0.7620470686722579,0.8604055978371025,0.023362132316704854,0.05451452699052911,0.2897366546206095,0.06232669174443013,0.357699572692171,3.1646572912085245,252839.21582617113,2.1236423185368354,231149.29844
