,Median OS,Median PFS,5 Year OS,10 Year OS,5 Year PFS,10 Year PFS,5 Year cancer_death,10 Year cancer_death,5 Year all_cause,10 Year all_cause,R0 status,R0 status,% Recieving Surgery,life_years,cost,QALYs,icers
folf,37.6,31.58,0.3155778223435166,0.10856404097229211,0.27624642898207385,0.09469169473911432,0.6427638861873162,0.8341064740164007,0.03130198618945329,0.04697317973159325,0.586166878831814,0.09337460640597968,0.6904203510993118,4.226389259597035,241850.9594523101,3.1108299669684936,75048.34197
ag,31.68,26.61,0.2343143958946029,0.05958826815487206,0.19803025386905404,0.04988046704272653,0.7282225784460092,0.8927938515215899,0.028437390209523697,0.038592244873673964,0.48738431429266016,0.10484366211022134,0.6017090292225938,3.5484062596631105,207413.31241360065,2.651957110671983,45994.49854
natural history,12.48,7.57,0.0027899729087615954,4.119355439535788e-06,0.0013704094637841946,2.021842346988656e-06,0.9857666561794133,0.9885218628687189,0.011443370911825155,0.011474017775841555,0.0,0.0,0.0,1.2104964674953267,116904.50039996767,0.6841388955460812,0.0
agc,32.45,28.23,0.3539800722961537,0.20906368166631728,0.3280066744660628,0.1932521422130976,0.6085722863416684,0.730842375983208,0.029774687124680305,0.05242098811297715,0.4143395288248697,0.08913063528125356,0.5115302818466471,4.669889343578163,263592.2233933567,3.35538788177278,88900.26707
