,Median OS,Median PFS,5 Year OS,10 Year OS,5 Year PFS,10 Year PFS,5 Year cancer_death,10 Year cancer_death,5 Year all_cause,10 Year all_cause,R0 status,R0 status,% Recieving Surgery,life_years,cost,QALYs,icers
folf,39.64,28.19,0.33162019568067,0.11523860443234701,0.2850626112653889,0.10039271309478592,0.6251577409217098,0.8249698757948841,0.03221318296814791,0.04878263934329658,0.6231026323081302,0.09925835993711171,0.7339253610276412,4.3787740702779825,229254.71008411565,3.2674589574610318,56058.61696
ag,36.58,25.01,0.2797242718099452,0.07360760681037803,0.23020097862461153,0.06145213808045791,0.6779439344027447,0.8716953260343767,0.031112367759479703,0.043477641127414764,0.6058490055028413,0.13032719059688888,0.7479617342335928,3.9586949194326047,213944.36124858737,2.9943457472867014,42004.8364
natural history,12.48,7.57,0.0027899729087613734,4.119355439202721e-06,0.0013704094637839725,2.021842346655589e-06,0.9857666561794135,0.9885218628687192,0.011443370911825165,0.011474017775841566,0.0,0.0,0.0,1.2104964674953276,116904.50039996779,0.6841388955460819,0.0
