,Median OS,Median PFS,5 Year OS,10 Year OS,5 Year PFS,10 Year PFS,5 Year cancer_death,10 Year cancer_death,5 Year all_cause,10 Year all_cause,R0 status,R0 status,% Recieving Surgery,life_years,cost,QALYs,icers
folf,32.09,27.02,0.26508696293170875,0.07652387243418712,0.23175318391042343,0.06659002129599134,0.6959980046979024,0.8702378403774943,0.02912185279192014,0.04344510760984987,0.5542939641413286,0.08829734774174634,0.6528786405809185,3.772067565968684,238968.47232641705,2.7450687838505896,93929.0833
ag,28.91,24.94,0.1885269021380157,0.038183003265221616,0.15947382848321445,0.03189270812316525,0.7768348144435707,0.9185240531939601,0.026274111311947162,0.034928771434351844,0.4516652937491866,0.09715996608031735,0.5576114754865449,3.1599416302872996,201029.3816605886,2.3411567117550254,55665.0136
natural history,11.87,6.39,0.001074060228716478,5.996871818014782e-07,0.0005192809103000684,2.8982060729099146e-07,0.9890897186207909,0.9901524824836915,0.009836221150492652,0.00984691782912674,0.0,0.0,0.0,1.0684506486366256,104199.53323871885,0.6016467006247073,0.0
agc,27.19,25.89,0.30557827307764274,0.16484221534781118,0.2829940872034805,0.15221102800773922,0.6597802376783131,0.7781685828620126,0.027694442171367902,0.050042154717499836,0.3751405419245237,0.08069834639315637,0.4631364729420997,4.168824228174865,259798.8883904847,2.9465132000316574,103405.27903
